date,city,route,delay_minutes,pm25,noise_db,crowding,delay_capped,delay_norm,aqi_norm,noise_norm,crowd_norm,stress_geo,stress_pct
2025-05-29,CityA,A1,11.0,17.9,65.2,1.5,11.0,0.18333333333333332,0.27564102564102566,0.5028571428571429,0.5,0.33573759874293585,33.6
2025-05-29,CityA,A2,17.1,24.2,68.1,1.0,17.1,0.28500000000000003,0.3564102564102564,0.5442857142857142,0.0,0.0,0.0
2025-05-29,CityB,B1,9.2,48.1,56.3,1.0,9.2,0.15333333333333332,0.6905,0.37571428571428567,0.0,0.0,0.0
2025-05-29,CityB,B2,9.2,40.3,56.6,1.5,9.2,0.15333333333333332,0.5735,0.38,0.5,0.35952649431819234,36.0
2025-05-29,CityC,C1,10.5,17.5,48.2,1.0,10.5,0.175,0.27051282051282055,0.26000000000000006,0.0,0.0,0.0
2025-05-29,CityC,C2,20.9,11.8,60.9,1.0,20.9,0.34833333333333333,0.19666666666666668,0.4414285714285714,0.0,0.0,0.0
2025-05-30,CityA,A1,4.8,48.7,43.8,1.5,4.8,0.08,0.6995,0.1971428571428571,0.5,0.2725255276252525,27.3
2025-05-30,CityA,A2,14.7,24.4,54.9,1.0,14.7,0.245,0.358974358974359,0.3557142857142857,0.0,0.0,0.0
2025-05-30,CityB,B1,11.9,24.1,66.6,1.5,11.9,0.19833333333333333,0.35512820512820514,0.5228571428571428,0.5,0.36836934492485235,36.8
2025-05-30,CityB,B2,4.7,19.3,57.2,1.0,4.7,0.07833333333333334,0.2935897435897436,0.3885714285714286,0.0,0.0,0.0
2025-05-30,CityC,C1,13.3,33.2,51.9,1.5,13.3,0.22166666666666668,0.47179487179487184,0.31285714285714283,0.5,0.35763698208226824,35.8
2025-05-30,CityC,C2,2.5,55.1,68.6,1.5,2.5,0.041666666666666664,0.7955000000000001,0.5514285714285714,0.5,0.3091875890681258,30.9
2025-05-31,CityA,A1,10.1,1.0,62.6,1.5,10.1,0.16833333333333333,0.016666666666666666,0.46571428571428575,0.5,0.15987373065744787,16.0
2025-05-31,CityA,A2,5.7,19.3,57.8,1.5,5.7,0.095,0.2935897435897436,0.3971428571428571,0.5,0.2728005937926494,27.3
2025-05-31,CityB,B1,15.5,53.3,67.2,1.5,15.5,0.25833333333333336,0.7685,0.5314285714285715,0.5,0.47924744471709385,47.9
2025-05-31,CityB,B2,16.5,43.2,64.8,1.0,16.5,0.275,0.6170000000000001,0.4971428571428571,0.0,0.0,0.0
2025-05-31,CityC,C1,14.0,34.6,56.2,1.5,14.0,0.23333333333333334,0.4897435897435898,0.37428571428571433,0.5,0.38241040483384114,38.2
2025-05-31,CityC,C2,10.9,37.7,52.8,1.5,10.9,0.18166666666666667,0.5345000000000001,0.3257142857142857,0.5,0.3546152776686286,35.5
2025-06-01,CityA,A1,7.6,35.1,62.9,1.5,7.6,0.12666666666666665,0.4961538461538462,0.47,0.5,0.3486074319839964,34.9
2025-06-01,CityA,A2,4.1,6.0,66.3,1.5,4.1,0.06833333333333333,0.1,0.5185714285714286,0.5,0.2051647753084388,20.5
2025-06-01,CityB,B1,32.2,26.2,56.8,1.5,32.2,0.5366666666666667,0.382051282051282,0.38285714285714284,0.5,0.4451006825501178,44.5
2025-06-01,CityB,B2,11.6,42.3,59.1,1.5,11.6,0.19333333333333333,0.6034999999999999,0.41571428571428576,0.5,0.39462740499313076,39.5
2025-06-01,CityC,C1,12.6,1.0,58.2,1.5,12.6,0.21,0.016666666666666666,0.4028571428571429,0.5,0.16294734147786366,16.3
2025-06-01,CityC,C2,14.1,1.0,61.5,1.5,14.1,0.235,0.016666666666666666,0.45,0.5,0.17229583633272974,17.2
2025-06-02,CityA,A1,6.7,13.6,64.0,1.5,6.7,0.11166666666666666,0.2205128205128205,0.4857142857142857,0.5,0.27808468366663064,27.8
2025-06-02,CityA,A2,14.9,1.0,58.2,1.0,14.9,0.24833333333333335,0.016666666666666666,0.4028571428571429,0.0,0.0,0.0
2025-06-02,CityB,B1,12.6,54.5,54.4,1.5,12.6,0.21,0.7865,0.34857142857142853,0.5,0.4119029981385179,41.2
2025-06-02,CityB,B2,10.0,19.8,51.8,1.5,10.0,0.16666666666666666,0.30000000000000004,0.3114285714285714,0.5,0.29704662035908735,29.7
2025-06-02,CityC,C1,0.0,25.2,56.8,1.0,0.0,0.0,0.36923076923076925,0.38285714285714284,0.0,0.0,0.0
2025-06-02,CityC,C2,10.3,10.0,55.9,1.5,10.3,0.1716666666666667,0.16666666666666669,0.37,0.5,0.2697283607985211,27.0
2025-06-03,CityA,A1,4.0,17.8,53.2,1.5,4.0,0.06666666666666667,0.2743589743589744,0.33142857142857146,0.5,0.23463725282460798,23.5
2025-06-03,CityA,A2,3.1,8.6,63.7,1.5,3.1,0.051666666666666666,0.14333333333333334,0.4814285714285715,0.5,0.20547778589237664,20.5
2025-06-03,CityB,B1,9.3,38.7,69.9,1.5,9.3,0.155,0.5495000000000001,0.5700000000000001,0.5,0.3947172112034701,39.5
2025-06-03,CityB,B2,3.4,39.5,50.7,1.5,3.4,0.056666666666666664,0.5615,0.29571428571428576,0.5,0.26189664456735584,26.2
2025-06-03,CityC,C1,16.6,2.8,53.8,1.5,16.6,0.27666666666666667,0.04666666666666666,0.33999999999999997,0.5,0.21644777958851025,21.6
2025-06-03,CityC,C2,16.6,41.0,48.8,1.5,16.6,0.27666666666666667,0.5840000000000001,0.2685714285714285,0.5,0.38379549669446217,38.4
2025-06-04,CityA,A1,15.3,14.2,56.5,1.0,15.3,0.255,0.2282051282051282,0.37857142857142856,0.0,0.0,0.0
2025-06-04,CityA,A2,10.3,45.6,67.0,1.0,10.3,0.1716666666666667,0.653,0.5285714285714286,0.0,0.0,0.0
2025-06-04,CityB,B1,17.3,49.1,54.2,1.5,17.3,0.28833333333333333,0.7055,0.34571428571428575,0.5,0.43303181000485064,43.3
2025-06-04,CityB,B2,10.4,26.2,72.4,1.5,10.4,0.17333333333333334,0.382051282051282,0.6057142857142858,0.5,0.3763226798993521,37.6
2025-06-04,CityC,C1,14.9,33.9,53.3,1.5,14.9,0.24833333333333335,0.4807692307692308,0.3328571428571428,0.5,0.3754480837759914,37.5
2025-06-04,CityC,C2,16.1,4.6,65.9,1.5,16.1,0.26833333333333337,0.07666666666666666,0.5128571428571429,0.5,0.2695019456931674,27.0
2025-06-05,CityA,A1,8.1,25.7,60.5,1.0,8.1,0.13499999999999998,0.37564102564102564,0.4357142857142857,0.0,0.0,0.0
2025-06-05,CityA,A2,11.0,11.0,53.2,1.0,11.0,0.18333333333333332,0.18333333333333335,0.33142857142857146,0.0,0.0,0.0
2025-06-05,CityB,B1,15.1,44.5,62.0,1.0,15.1,0.25166666666666665,0.6365000000000001,0.45714285714285713,0.0,0.0,0.0
2025-06-05,CityB,B2,14.1,43.4,66.8,1.0,14.1,0.235,0.62,0.5257142857142857,0.0,0.0,0.0
2025-06-05,CityC,C1,15.4,17.5,58.9,1.0,15.4,0.25666666666666665,0.27051282051282055,0.4128571428571428,0.0,0.0,0.0
2025-06-05,CityC,C2,0.4,2.1,65.3,1.5,0.4,0.006666666666666667,0.035,0.5042857142857142,0.5,0.08758018611156236,8.8
2025-06-06,CityA,A1,8.0,14.3,56.3,1.0,8.0,0.13333333333333333,0.2294871794871795,0.37571428571428567,0.0,0.0,0.0
2025-06-06,CityA,A2,1.3,32.3,75.2,1.0,1.3,0.021666666666666667,0.46025641025641023,0.6457142857142858,0.0,0.0,0.0
2025-06-06,CityB,B1,25.6,42.2,64.3,1.5,25.6,0.4266666666666667,0.6020000000000001,0.48999999999999994,0.5,0.5008559329602639,50.1
2025-06-06,CityB,B2,3.0,53.2,58.1,1.0,3.0,0.05,0.7670000000000001,0.40142857142857147,0.0,0.0,0.0
2025-06-06,CityC,C1,0.4,7.3,70.9,1.5,0.4,0.006666666666666667,0.12166666666666666,0.5842857142857144,0.5,0.1240706066536858,12.4
2025-06-06,CityC,C2,19.0,29.4,53.1,1.0,19.0,0.31666666666666665,0.42307692307692313,0.33,0.0,0.0,0.0
2025-06-07,CityA,A1,16.9,26.0,45.7,1.5,16.9,0.2816666666666666,0.37948717948717947,0.22428571428571434,0.5,0.33088421150886993,33.1
2025-06-07,CityA,A2,6.5,18.1,65.9,1.5,6.5,0.10833333333333334,0.2782051282051282,0.5128571428571429,0.5,0.2964991226280495,29.6
2025-06-07,CityB,B1,14.0,40.8,58.3,1.5,14.0,0.23333333333333334,0.581,0.40428571428571425,0.5,0.4068673397734231,40.7
2025-06-07,CityB,B2,9.1,26.1,55.9,1.5,9.1,0.15166666666666667,0.3807692307692308,0.37,0.5,0.3214999644528566,32.1
2025-06-07,CityC,C1,18.6,15.0,65.1,1.5,18.6,0.31,0.23846153846153847,0.5014285714285713,0.5,0.36896891491875083,36.9
2025-06-07,CityC,C2,5.5,7.2,51.8,1.5,5.5,0.09166666666666666,0.12,0.3114285714285714,0.5,0.20343716063189615,20.3
2025-06-08,CityA,A1,13.2,36.0,52.3,1.5,13.2,0.22,0.509,0.3185714285714285,0.5,0.36545114139516904,36.5
2025-06-08,CityA,A2,16.3,10.0,46.5,1.5,16.3,0.27166666666666667,0.16666666666666669,0.2357142857142857,0.5,0.27027772397173294,27.0
2025-06-08,CityB,B1,15.1,97.8,64.6,1.5,15.1,0.25166666666666665,1.0,0.4942857142857142,0.5,0.49939413777744346,49.9
2025-06-08,CityB,B2,18.8,43.5,61.4,1.0,18.8,0.31333333333333335,0.6215,0.44857142857142857,0.0,0.0,0.0
2025-06-08,CityC,C1,2.6,50.0,50.4,1.5,2.6,0.043333333333333335,0.7190000000000001,0.2914285714285714,0.5,0.25957524938391907,26.0
2025-06-08,CityC,C2,19.2,1.0,62.9,1.5,19.2,0.32,0.016666666666666666,0.47,0.5,0.1881553829319569,18.8
2025-06-09,CityA,A1,5.5,28.9,44.1,1.5,5.5,0.09166666666666666,0.41666666666666663,0.20142857142857146,0.5,0.24904212798319547,24.9
2025-06-09,CityA,A2,10.6,38.2,58.8,1.0,10.6,0.17666666666666667,0.542,0.41142857142857137,0.0,0.0,0.0
2025-06-09,CityB,B1,22.0,28.9,59.1,1.0,22.0,0.36666666666666664,0.41666666666666663,0.41571428571428576,0.0,0.0,0.0
2025-06-09,CityB,B2,9.1,28.1,59.1,1.5,9.1,0.15166666666666667,0.4064102564102564,0.41571428571428576,0.5,0.33643791951312396,33.6
2025-06-09,CityC,C1,22.7,9.8,47.6,1.5,22.7,0.3783333333333333,0.16333333333333336,0.25142857142857145,0.5,0.2968817600637646,29.7
2025-06-09,CityC,C2,9.9,34.2,70.1,1.5,9.9,0.165,0.48461538461538467,0.5728571428571427,0.5,0.3890221856928337,38.9
2025-06-10,CityA,A1,9.6,53.7,53.7,1.5,9.6,0.16,0.7745000000000001,0.33857142857142863,0.5,0.3805751513552342,38.1
2025-06-10,CityA,A2,19.5,1.0,56.1,1.0,19.5,0.325,0.016666666666666666,0.3728571428571429,0.0,0.0,0.0
2025-06-10,CityB,B1,10.6,68.1,59.8,1.0,10.6,0.17666666666666667,0.927,0.42571428571428566,0.0,0.0,0.0
2025-06-10,CityB,B2,6.4,36.2,50.0,1.5,6.4,0.10666666666666667,0.512,0.2857142857142857,0.5,0.2972009279861376,29.7
2025-06-10,CityC,C1,21.3,39.8,59.0,1.5,21.3,0.35500000000000004,0.566,0.4142857142857143,0.5,0.451677738782584,45.2
2025-06-10,CityC,C2,9.2,20.0,66.0,1.5,9.2,0.15333333333333332,0.3025641025641026,0.5142857142857142,0.5,0.3304890773028377,33.0
2025-06-11,CityA,A1,13.8,43.2,62.8,1.0,13.8,0.23,0.6170000000000001,0.4685714285714285,0.0,0.0,0.0
2025-06-11,CityA,A2,13.6,1.0,70.2,1.0,13.6,0.22666666666666666,0.016666666666666666,0.5742857142857143,0.0,0.0,0.0
2025-06-11,CityB,B1,13.4,35.9,63.6,1.5,13.4,0.22333333333333333,0.5075,0.48000000000000004,0.5,0.4061161020002495,40.6
2025-06-11,CityB,B2,18.8,44.2,55.0,1.5,18.8,0.31333333333333335,0.6320000000000001,0.35714285714285715,0.5,0.43364456991684447,43.4
2025-06-11,CityC,C1,5.1,43.6,51.0,1.0,5.1,0.08499999999999999,0.623,0.3,0.0,0.0,0.0
2025-06-11,CityC,C2,19.7,10.7,57.2,1.5,19.7,0.3283333333333333,0.17833333333333334,0.3885714285714286,0.5,0.32658564602035456,32.7
2025-06-12,CityA,A1,11.2,17.2,59.3,1.5,11.2,0.18666666666666665,0.26666666666666666,0.41857142857142854,0.5,0.31948007102377773,31.9
2025-06-12,CityA,A2,5.0,7.6,55.5,1.5,5.0,0.08333333333333333,0.12666666666666668,0.36428571428571427,0.5,0.20939837647679407,20.9
2025-06-12,CityB,B1,23.2,65.3,55.1,1.5,23.2,0.38666666666666666,0.899,0.3585714285714286,0.5,0.49964382913144656,50.0
2025-06-12,CityB,B2,14.3,30.0,69.3,1.5,14.3,0.23833333333333334,0.4307692307692308,0.5614285714285714,0.5,0.4120249298565416,41.2
2025-06-12,CityC,C1,2.8,25.4,69.2,1.0,2.8,0.04666666666666666,0.3717948717948718,0.56,0.0,0.0,0.0
2025-06-12,CityC,C2,17.1,39.6,60.2,1.5,17.1,0.28500000000000003,0.5630000000000001,0.4314285714285715,0.5,0.4313283862458457,43.1
2025-06-13,CityA,A1,4.5,15.5,56.7,1.0,4.5,0.075,0.2448717948717949,0.38142857142857145,0.0,0.0,0.0
2025-06-13,CityA,A2,13.9,48.7,68.5,1.5,13.9,0.23166666666666666,0.6995,0.55,0.5,0.45945818286167217,45.9
2025-06-13,CityB,B1,13.2,27.9,48.5,1.5,13.2,0.22,0.40384615384615385,0.2642857142857143,0.5,0.3291702529148263,32.9
2025-06-13,CityB,B2,13.6,49.4,65.0,1.5,13.6,0.22666666666666666,0.71,0.5,0.5,0.4478643601706568,44.8
2025-06-13,CityC,C1,13.9,45.1,67.1,1.5,13.9,0.23166666666666666,0.6455000000000001,0.5299999999999999,0.5,0.44617108094801533,44.6
2025-06-13,CityC,C2,15.0,13.5,61.6,1.5,15.0,0.25,0.21923076923076923,0.45142857142857146,0.5,0.33350330401658507,33.4
2025-06-14,CityA,A1,0.0,21.2,68.5,1.5,0.0,0.0,0.31794871794871793,0.55,0.5,0.0,0.0
2025-06-14,CityA,A2,9.4,9.2,58.3,1.5,9.4,0.15666666666666668,0.15333333333333332,0.40428571428571425,0.5,0.2639780977704024,26.4
2025-06-14,CityB,B1,20.9,26.8,53.7,1.5,20.9,0.34833333333333333,0.3897435897435898,0.33857142857142863,0.5,0.3893575332010627,38.9
2025-06-14,CityB,B2,5.0,35.5,60.0,1.0,5.0,0.08333333333333333,0.5015000000000001,0.42857142857142855,0.0,0.0,0.0
2025-06-14,CityC,C1,21.5,27.1,65.2,1.5,21.5,0.35833333333333334,0.39358974358974363,0.5028571428571429,0.5,0.43394671244819155,43.4
2025-06-14,CityC,C2,15.2,3.4,66.1,1.5,15.2,0.2533333333333333,0.05666666666666667,0.5157142857142857,0.5,0.2466606051278265,24.7
2025-06-15,CityA,A1,0.0,7.3,57.3,1.5,0.0,0.0,0.12166666666666666,0.38999999999999996,0.5,0.0,0.0
2025-06-15,CityA,A2,10.7,1.0,64.8,1.5,10.7,0.17833333333333332,0.016666666666666666,0.4971428571428571,0.5,0.16486676688281732,16.5
2025-06-15,CityB,B1,17.1,24.0,54.4,1.5,17.1,0.28500000000000003,0.35384615384615387,0.34857142857142853,0.5,0.3641080514516977,36.4
2025-06-15,CityB,B2,6.2,58.0,74.5,1.5,6.2,0.10333333333333333,0.8260000000000001,0.6357142857142857,0.5,0.40584772461144664,40.6
2025-06-15,CityC,C1,11.1,11.0,57.5,1.5,11.1,0.185,0.18333333333333335,0.39285714285714285,0.5,0.2856961943383063,28.6
2025-06-15,CityC,C2,7.6,17.6,49.2,1.5,7.6,0.12666666666666665,0.27179487179487183,0.2742857142857143,0.5,0.26213149131262964,26.2
2025-06-16,CityA,A1,3.5,6.9,49.4,1.0,3.5,0.058333333333333334,0.11500000000000002,0.27714285714285714,0.0,0.0,0.0
2025-06-16,CityA,A2,3.4,25.1,75.0,1.5,3.4,0.056666666666666664,0.367948717948718,0.6428571428571429,0.5,0.2861210826518618,28.6
2025-06-16,CityB,B1,22.4,17.6,54.8,1.0,22.4,0.3733333333333333,0.27179487179487183,0.35428571428571426,0.0,0.0,0.0
2025-06-16,CityB,B2,9.6,51.1,71.8,1.5,9.6,0.16,0.7355,0.5971428571428571,0.5,0.4329499825289264,43.3
2025-06-16,CityC,C1,4.6,22.8,71.2,1.5,4.6,0.07666666666666666,0.3384615384615385,0.5885714285714286,0.5,0.295611463450909,29.6
2025-06-16,CityC,C2,9.3,1.0,70.8,1.5,9.3,0.155,0.016666666666666666,0.5828571428571429,0.5,0.1656449285149033,16.6
2025-06-17,CityA,A1,9.6,38.5,61.7,1.5,9.6,0.16,0.5465,0.4528571428571429,0.5,0.37511146986474647,37.5
2025-06-17,CityA,A2,5.1,42.7,62.5,1.5,5.1,0.08499999999999999,0.6095,0.4642857142857143,0.5,0.3311593261745217,33.1
2025-06-17,CityB,B1,8.1,60.3,54.1,1.5,8.1,0.13499999999999998,0.849,0.3442857142857143,0.5,0.3747853586438054,37.5
2025-06-17,CityB,B2,8.1,41.8,64.1,1.5,8.1,0.13499999999999998,0.596,0.48714285714285704,0.5,0.37415503413257767,37.4
2025-06-17,CityC,C1,14.0,27.4,60.0,1.5,14.0,0.23333333333333334,0.39743589743589747,0.42857142857142855,0.5,0.3754561944116607,37.5
2025-06-17,CityC,C2,9.4,21.7,72.4,1.0,9.4,0.15666666666666668,0.3243589743589744,0.6057142857142858,0.0,0.0,0.0
2025-06-18,CityA,A1,4.6,58.1,71.2,1.5,4.6,0.07666666666666666,0.8270000000000001,0.5885714285714286,0.5,0.36959009004058446,37.0
2025-06-18,CityA,A2,5.7,5.5,65.5,1.5,5.7,0.095,0.09166666666666667,0.5071428571428571,0.5,0.21677482307820461,21.7
2025-06-18,CityB,B1,13.2,40.7,72.9,1.0,13.2,0.22,0.5795000000000001,0.612857142857143,0.0,0.0,0.0
2025-06-18,CityB,B2,19.6,43.8,56.4,1.5,19.6,0.3266666666666667,0.626,0.3771428571428571,0.5,0.44313776334238913,44.3
2025-06-18,CityC,C1,21.0,21.1,73.0,1.0,21.0,0.35,0.3166666666666667,0.6142857142857143,0.0,0.0,0.0
2025-06-18,CityC,C2,3.7,34.5,65.2,1.5,3.7,0.06166666666666667,0.48846153846153845,0.5028571428571429,0.5,0.29500125843102704,29.5
2025-06-19,CityA,A1,7.9,31.9,57.7,1.5,7.9,0.13166666666666668,0.4551282051282051,0.39571428571428574,0.5,0.3299820613339166,33.0
2025-06-19,CityA,A2,0.0,1.0,69.6,1.5,0.0,0.0,0.016666666666666666,0.5657142857142856,0.5,0.0,0.0
2025-06-19,CityB,B1,4.2,50.0,62.9,1.0,4.2,0.07,0.7190000000000001,0.47,0.0,0.0,0.0
2025-06-19,CityB,B2,6.4,51.2,57.7,1.0,6.4,0.10666666666666667,0.7370000000000001,0.39571428571428574,0.0,0.0,0.0
2025-06-19,CityC,C1,14.8,20.2,49.1,1.5,14.8,0.24666666666666667,0.30512820512820515,0.27285714285714285,0.5,0.31832777796035683,31.8
2025-06-19,CityC,C2,15.0,12.0,53.7,1.5,15.0,0.25,0.2,0.33857142857142863,0.5,0.30331757743646687,30.3
2025-06-20,CityA,A1,8.3,12.7,42.8,1.5,8.3,0.13833333333333334,0.20897435897435898,0.18285714285714283,0.5,0.22673859147228706,22.7
2025-06-20,CityA,A2,11.1,20.9,41.7,1.5,11.1,0.185,0.3141025641025641,0.16714285714285718,0.5,0.2639825739018236,26.4
2025-06-20,CityB,B1,8.2,35.9,75.7,1.5,8.2,0.13666666666666666,0.5075,0.6528571428571429,0.5,0.3879017181503797,38.8
2025-06-20,CityB,B2,10.8,34.3,51.5,1.5,10.8,0.18000000000000002,0.4858974358974359,0.30714285714285716,0.5,0.34043318201891637,34.0
2025-06-20,CityC,C1,17.1,10.7,54.1,1.5,17.1,0.28500000000000003,0.17833333333333334,0.3442857142857143,0.5,0.30583810814043505,30.6
2025-06-20,CityC,C2,15.5,31.5,53.8,1.5,15.5,0.25833333333333336,0.45,0.33999999999999997,0.5,0.3749388739449345,37.5
2025-06-21,CityA,A1,17.9,16.3,64.6,1.5,17.9,0.2983333333333333,0.25512820512820517,0.4942857142857142,0.5,0.3703412425492341,37.0
2025-06-21,CityA,A2,9.9,14.6,67.2,1.0,9.9,0.165,0.23333333333333334,0.5314285714285715,0.0,0.0,0.0
2025-06-21,CityB,B1,7.1,26.4,58.5,1.5,7.1,0.11833333333333333,0.3846153846153846,0.40714285714285714,0.5,0.3102506097235003,31.0
2025-06-21,CityB,B2,11.7,16.6,61.7,1.5,11.7,0.19499999999999998,0.258974358974359,0.4528571428571429,0.5,0.3270059471959391,32.7
2025-06-21,CityC,C1,22.1,33.2,59.9,1.0,22.1,0.36833333333333335,0.47179487179487184,0.4271428571428571,0.0,0.0,0.0
2025-06-21,CityC,C2,20.9,55.6,68.1,1.5,20.9,0.34833333333333333,0.802,0.5442857142857142,0.5,0.5250994773301192,52.5
2025-06-22,CityA,A1,0.0,36.0,65.7,1.5,0.0,0.0,0.509,0.51,0.5,0.0,0.0
2025-06-22,CityA,A2,6.3,19.8,46.9,1.5,6.3,0.105,0.30000000000000004,0.2414285714285714,0.5,0.24832320546675335,24.8
2025-06-22,CityB,B1,3.6,48.4,54.8,1.0,3.6,0.060000000000000005,0.6950000000000001,0.35428571428571426,0.0,0.0,0.0
2025-06-22,CityB,B2,9.1,42.6,67.3,1.0,9.1,0.15166666666666667,0.6080000000000001,0.5328571428571428,0.0,0.0,0.0
2025-06-22,CityC,C1,13.4,24.1,54.2,1.0,13.4,0.22333333333333333,0.35512820512820514,0.34571428571428575,0.0,0.0,0.0
2025-06-22,CityC,C2,8.8,28.5,66.7,1.0,8.8,0.14666666666666667,0.4115384615384615,0.5242857142857144,0.0,0.0,0.0
2025-06-23,CityA,A1,0.0,28.2,54.7,1.5,0.0,0.0,0.4076923076923077,0.3528571428571429,0.5,0.0,0.0
2025-06-23,CityA,A2,11.4,6.4,65.1,1.0,11.4,0.19,0.10666666666666667,0.5014285714285713,0.0,0.0,0.0
2025-06-23,CityB,B1,9.2,35.4,47.8,1.5,9.2,0.15333333333333332,0.5,0.2542857142857142,0.5,0.3142133528885837,31.4
2025-06-23,CityB,B2,16.8,51.5,60.1,1.5,16.8,0.28,0.7415,0.43,0.5,0.4596496266055405,46.0
2025-06-23,CityC,C1,8.1,20.7,53.1,1.5,8.1,0.13499999999999998,0.31153846153846154,0.33,0.5,0.2886239366541755,28.9
2025-06-23,CityC,C2,9.7,11.0,66.1,1.5,9.7,0.16166666666666665,0.18333333333333335,0.5157142857142857,0.5,0.2956720491762187,29.6
2025-06-24,CityA,A1,22.3,10.9,58.3,1.5,22.3,0.3716666666666667,0.18166666666666667,0.40428571428571425,0.5,0.3417998084638311,34.2
2025-06-24,CityA,A2,9.0,25.6,55.2,1.5,9.0,0.15,0.37435897435897436,0.36000000000000004,0.5,0.31707573162932323,31.7
2025-06-24,CityB,B1,8.9,21.4,61.5,1.0,8.9,0.14833333333333334,0.3205128205128205,0.45,0.0,0.0,0.0
2025-06-24,CityB,B2,14.1,38.2,60.9,1.5,14.1,0.235,0.542,0.4414285714285714,0.5,0.4094721776386641,40.9
2025-06-24,CityC,C1,16.6,29.6,56.5,1.0,16.6,0.27666666666666667,0.4256410256410257,0.37857142857142856,0.0,0.0,0.0
2025-06-24,CityC,C2,14.8,24.3,76.6,1.0,14.8,0.24666666666666667,0.3576923076923077,0.6657142857142856,0.0,0.0,0.0
2025-06-25,CityA,A1,12.9,1.0,56.0,1.5,12.9,0.215,0.016666666666666666,0.37142857142857144,0.5,0.16061390102195153,16.1
2025-06-25,CityA,A2,19.4,23.8,66.4,1.5,19.4,0.3233333333333333,0.3512820512820513,0.5200000000000001,0.5,0.41454334448060404,41.5
2025-06-25,CityB,B1,12.1,65.1,62.6,1.5,12.1,0.20166666666666666,0.897,0.46571428571428575,0.5,0.4530321588432653,45.3
2025-06-25,CityB,B2,10.7,53.4,60.8,1.0,10.7,0.17833333333333332,0.77,0.43999999999999995,0.0,0.0,0.0
2025-06-25,CityC,C1,0.0,41.5,69.7,1.5,0.0,0.0,0.5915,0.5671428571428572,0.5,0.0,0.0
2025-06-25,CityC,C2,6.7,25.1,56.7,1.5,6.7,0.11166666666666666,0.367948717948718,0.38142857142857145,0.5,0.2975250370940981,29.8
2025-06-26,CityA,A1,18.2,19.5,66.6,1.0,18.2,0.30333333333333334,0.29615384615384616,0.5228571428571428,0.0,0.0,0.0
2025-06-26,CityA,A2,14.1,42.6,63.2,1.0,14.1,0.235,0.6080000000000001,0.4742857142857143,0.0,0.0,0.0
2025-06-26,CityB,B1,9.6,43.9,42.0,1.5,9.6,0.16,0.6275,0.17142857142857143,0.5,0.30457673778966526,30.5
2025-06-26,CityB,B2,16.1,36.0,52.2,1.5,16.1,0.26833333333333337,0.509,0.31714285714285717,0.5,0.3836227344876328,38.4
2025-06-26,CityC,C1,5.9,64.6,71.3,1.0,5.9,0.09833333333333334,0.892,0.59,0.0,0.0,0.0
2025-06-26,CityC,C2,9.2,40.8,68.1,1.0,9.2,0.15333333333333332,0.581,0.5442857142857142,0.0,0.0,0.0
2025-06-27,CityA,A1,12.3,43.5,50.6,1.5,12.3,0.20500000000000002,0.6215,0.2942857142857143,0.5,0.3700271107716969,37.0
2025-06-27,CityA,A2,3.9,22.7,81.1,1.5,3.9,0.065,0.3371794871794872,0.7299999999999999,0.5,0.2990658620307333,29.9
2025-06-27,CityB,B1,17.2,26.0,53.0,1.0,17.2,0.2866666666666667,0.37948717948717947,0.32857142857142857,0.0,0.0,0.0
2025-06-27,CityB,B2,13.2,58.1,65.4,1.5,13.2,0.22,0.8270000000000001,0.5057142857142858,0.5,0.4631278033816074,46.3
2025-06-27,CityC,C1,8.2,12.6,63.4,1.5,8.2,0.13666666666666666,0.2076923076923077,0.47714285714285715,0.5,0.28686354514066004,28.7
2025-06-27,CityC,C2,9.7,20.8,68.8,1.5,9.7,0.16166666666666665,0.3128205128205128,0.5542857142857143,0.5,0.34407637126056173,34.4
2025-06-28,CityA,A1,16.4,9.6,64.9,1.5,16.4,0.2733333333333333,0.16,0.49857142857142867,0.5,0.32313015795116995,32.3
2025-06-28,CityA,A2,4.2,4.8,46.8,1.5,4.2,0.07,0.08,0.23999999999999996,0.5,0.16100609551700656,16.1
2025-06-28,CityB,B1,2.7,1.0,61.3,1.0,2.7,0.045000000000000005,0.016666666666666666,0.4471428571428571,0.0,0.0,0.0
2025-06-28,CityB,B2,16.7,23.1,58.8,1.5,16.7,0.2783333333333333,0.3423076923076923,0.41142857142857137,0.5,0.37416364084780546,37.4
2025-06-28,CityC,C1,0.0,19.2,58.2,1.0,0.0,0.0,0.2923076923076923,0.4028571428571429,0.0,0.0,0.0
2025-06-28,CityC,C2,16.2,4.7,64.1,1.0,16.2,0.26999999999999996,0.07833333333333334,0.48714285714285704,0.0,0.0,0.0
2025-06-29,CityA,A1,21.7,1.0,60.9,1.5,21.7,0.36166666666666664,0.016666666666666666,0.4414285714285714,0.5,0.19098397105199175,19.1
2025-06-29,CityA,A2,14.8,4.1,51.1,1.5,14.8,0.24666666666666667,0.06833333333333333,0.30142857142857143,0.5,0.22450414964629586,22.5
2025-06-29,CityB,B1,7.3,50.1,59.1,1.5,7.3,0.12166666666666666,0.7205,0.41571428571428576,0.5,0.3674029482831444,36.7
2025-06-29,CityB,B2,12.9,18.5,71.7,1.0,12.9,0.215,0.2833333333333333,0.5957142857142858,0.0,0.0,0.0
2025-06-29,CityC,C1,20.3,1.0,43.4,1.5,20.3,0.3383333333333333,0.016666666666666666,0.19142857142857142,0.5,0.1524202167767466,15.2
2025-06-29,CityC,C2,4.6,14.7,61.9,1.5,4.6,0.07666666666666666,0.23461538461538461,0.4557142857142857,0.5,0.25302091907118074,25.3
2025-06-30,CityA,A1,8.7,17.2,64.1,1.5,8.7,0.145,0.26666666666666666,0.48714285714285704,0.5,0.31152346837156286,31.2
2025-06-30,CityA,A2,6.2,14.6,59.4,1.0,6.2,0.10333333333333333,0.23333333333333334,0.42,0.0,0.0,0.0
2025-06-30,CityB,B1,19.3,7.4,53.8,1.5,19.3,0.32166666666666666,0.12333333333333335,0.33999999999999997,0.5,0.2865720710514764,28.7
2025-06-30,CityB,B2,8.3,14.4,68.1,1.5,8.3,0.13833333333333334,0.23076923076923078,0.5442857142857142,0.5,0.3052990276420832,30.5
2025-06-30,CityC,C1,15.0,4.2,57.2,1.5,15.0,0.25,0.07,0.3885714285714286,0.5,0.2414736402766418,24.1
2025-06-30,CityC,C2,10.6,38.7,63.4,1.0,10.6,0.17666666666666667,0.5495000000000001,0.47714285714285715,0.0,0.0,0.0
2025-07-01,CityA,A1,0.0,6.5,61.8,1.5,0.0,0.0,0.10833333333333334,0.45428571428571424,0.5,0.0,0.0
2025-07-01,CityA,A2,3.7,24.9,50.0,1.0,3.7,0.06166666666666667,0.36538461538461536,0.2857142857142857,0.0,0.0,0.0
2025-07-01,CityB,B1,15.2,43.9,48.0,1.5,15.2,0.2533333333333333,0.6275,0.2571428571428571,0.5,0.3781051861763289,37.8
2025-07-01,CityB,B2,18.8,35.1,59.2,1.0,18.8,0.31333333333333335,0.4961538461538462,0.4171428571428572,0.0,0.0,0.0
2025-07-01,CityC,C1,4.3,46.3,43.3,1.0,4.3,0.07166666666666667,0.6635,0.18999999999999995,0.0,0.0,0.0
2025-07-01,CityC,C2,22.2,14.7,62.1,1.5,22.2,0.37,0.23461538461538461,0.4585714285714286,0.5,0.37560710772753175,37.6
2025-07-02,CityA,A1,13.8,19.5,57.3,1.0,13.8,0.23,0.29615384615384616,0.38999999999999996,0.0,0.0,0.0
2025-07-02,CityA,A2,16.1,45.5,60.7,1.5,16.1,0.26833333333333337,0.6515,0.4385714285714286,0.5,0.44248631783182063,44.2
2025-07-02,CityB,B1,3.9,51.1,61.4,1.0,3.9,0.065,0.7355,0.44857142857142857,0.0,0.0,0.0
2025-07-02,CityB,B2,10.9,56.5,69.2,1.5,10.9,0.18166666666666667,0.811,0.56,0.5,0.4506750683572094,45.1
2025-07-02,CityC,C1,2.2,28.3,76.0,1.5,2.2,0.03666666666666667,0.40897435897435896,0.6571428571428571,0.5,0.2649410948686174,26.5
2025-07-02,CityC,C2,16.3,11.6,62.5,1.5,16.3,0.27166666666666667,0.19333333333333336,0.4642857142857143,0.5,0.3322956105697596,33.2
2025-07-03,CityA,A1,9.5,34.7,73.3,1.5,9.5,0.15833333333333333,0.4910256410256411,0.6185714285714285,0.5,0.3937849344245347,39.4
2025-07-03,CityA,A2,14.1,17.6,66.5,1.0,14.1,0.235,0.27179487179487183,0.5214285714285715,0.0,0.0,0.0
2025-07-03,CityB,B1,9.5,61.8,63.0,1.5,9.5,0.15833333333333333,0.864,0.4714285714285714,0.5,0.4237580880041676,42.4
2025-07-03,CityB,B2,11.3,42.8,54.0,1.5,11.3,0.18833333333333335,0.611,0.34285714285714286,0.5,0.374768346281166,37.5
2025-07-03,CityC,C1,16.9,18.1,66.0,1.5,16.9,0.2816666666666666,0.2782051282051282,0.5142857142857142,0.5,0.3767634478897653,37.7
2025-07-03,CityC,C2,21.0,51.2,57.6,1.5,21.0,0.35,0.7370000000000001,0.3942857142857143,0.5,0.47487482295710126,47.5
2025-07-04,CityA,A1,7.7,3.2,62.4,1.0,7.7,0.12833333333333333,0.05333333333333334,0.46285714285714286,0.0,0.0,0.0
2025-07-04,CityA,A2,0.0,11.4,61.0,1.5,0.0,0.0,0.19000000000000003,0.44285714285714284,0.5,0.0,0.0
2025-07-04,CityB,B1,9.1,74.5,49.9,1.5,9.1,0.15166666666666667,0.9910000000000001,0.28428571428571425,0.5,0.38231576722668037,38.2
2025-07-04,CityB,B2,4.0,69.6,59.6,1.5,4.0,0.06666666666666667,0.942,0.4228571428571429,0.5,0.33945392119210743,33.9
2025-07-04,CityC,C1,7.2,18.9,57.5,1.0,7.2,0.12000000000000001,0.28846153846153844,0.39285714285714285,0.0,0.0,0.0
2025-07-04,CityC,C2,8.0,18.9,65.0,1.0,8.0,0.13333333333333333,0.28846153846153844,0.5,0.0,0.0,0.0
2025-07-05,CityA,A1,14.4,21.8,66.5,1.5,14.4,0.24000000000000002,0.3256410256410257,0.5214285714285715,0.5,0.3778146518717913,37.8
2025-07-05,CityA,A2,11.7,32.5,63.7,1.5,11.7,0.19499999999999998,0.46282051282051284,0.4814285714285715,0.5,0.3839169342870777,38.4
2025-07-05,CityB,B1,13.6,51.0,57.7,1.5,13.6,0.22666666666666666,0.734,0.39571428571428574,0.5,0.42595023562595985,42.6
2025-07-05,CityB,B2,12.7,52.3,61.1,1.5,12.7,0.21166666666666664,0.7535000000000001,0.4442857142857143,0.5,0.4338524158867087,43.4
2025-07-05,CityC,C1,14.1,11.2,58.5,1.0,14.1,0.235,0.18666666666666665,0.40714285714285714,0.0,0.0,0.0
2025-07-05,CityC,C2,11.1,19.4,65.5,1.5,11.1,0.185,0.2948717948717949,0.5071428571428571,0.5,0.34294645643213484,34.3
2025-07-06,CityA,A1,7.6,10.0,77.5,1.5,7.6,0.12666666666666665,0.16666666666666669,0.6785714285714286,0.5,0.29091704419920306,29.1
2025-07-06,CityA,A2,10.0,1.0,64.0,1.0,10.0,0.16666666666666666,0.016666666666666666,0.4857142857142857,0.0,0.0,0.0
2025-07-06,CityB,B1,18.1,39.2,39.8,1.0,18.1,0.3016666666666667,0.557,0.13999999999999996,0.0,0.0,0.0
2025-07-06,CityB,B2,19.8,60.0,62.5,1.0,19.8,0.33,0.8460000000000001,0.4642857142857143,0.0,0.0,0.0
2025-07-06,CityC,C1,8.1,35.7,66.9,1.5,8.1,0.13499999999999998,0.5045000000000001,0.5271428571428572,0.5,0.36603559257960155,36.6
2025-07-06,CityC,C2,13.7,16.7,68.0,1.0,13.7,0.22833333333333333,0.2602564102564103,0.5428571428571428,0.0,0.0,0.0
2025-07-07,CityA,A1,8.5,36.0,55.9,1.5,8.5,0.14166666666666666,0.509,0.37,0.5,0.3398515824894405,34.0
2025-07-07,CityA,A2,16.5,59.0,54.8,1.0,16.5,0.275,0.8360000000000001,0.35428571428571426,0.0,0.0,0.0
2025-07-07,CityB,B1,1.9,13.6,53.0,1.0,1.9,0.03166666666666666,0.2205128205128205,0.32857142857142857,0.0,0.0,0.0
2025-07-07,CityB,B2,16.8,12.1,57.6,1.5,16.8,0.28,0.2012820512820513,0.3942857142857143,0.5,0.3246654180007781,32.5
2025-07-07,CityC,C1,6.0,8.5,59.7,1.5,6.0,0.1,0.1416666666666667,0.4242857142857143,0.5,0.2341391418317569,23.4
2025-07-07,CityC,C2,13.4,5.7,57.8,1.0,13.4,0.22333333333333333,0.09500000000000001,0.3971428571428571,0.0,0.0,0.0
2025-07-08,CityA,A1,7.0,7.6,78.5,1.5,7.0,0.11666666666666667,0.12666666666666668,0.6928571428571428,0.5,0.2674888653985787,26.7
2025-07-08,CityA,A2,4.0,18.5,60.4,1.0,4.0,0.06666666666666667,0.2833333333333333,0.4342857142857143,0.0,0.0,0.0
2025-07-08,CityB,B1,9.1,49.0,59.0,1.5,9.1,0.15166666666666667,0.704,0.4142857142857143,0.5,0.3856409915393301,38.6
2025-07-08,CityB,B2,9.0,48.3,55.0,1.5,9.0,0.15,0.6935,0.35714285714285715,0.5,0.36917937000894224,36.9
2025-07-08,CityC,C1,15.1,37.9,60.8,1.0,15.1,0.25166666666666665,0.5375,0.43999999999999995,0.0,0.0,0.0
2025-07-08,CityC,C2,3.0,41.3,55.4,1.5,3.0,0.05,0.5885,0.3628571428571428,0.5,0.2703059080372317,27.0
2025-07-09,CityA,A1,21.4,10.0,42.0,1.0,21.4,0.35666666666666663,0.16666666666666669,0.17142857142857143,0.0,0.0,0.0
2025-07-09,CityA,A2,2.7,28.2,68.7,1.5,2.7,0.045000000000000005,0.4076923076923077,0.5528571428571429,0.5,0.26685908346974335,26.7
2025-07-09,CityB,B1,6.6,54.6,58.1,1.5,6.6,0.11,0.788,0.40142857142857147,0.5,0.363181983950472,36.3
2025-07-09,CityB,B2,12.6,32.2,61.8,1.5,12.6,0.21,0.458974358974359,0.45428571428571424,0.5,0.38465971079818884,38.5
2025-07-09,CityC,C1,17.4,20.5,74.9,1.0,17.4,0.29,0.308974358974359,0.6414285714285715,0.0,0.0,0.0
2025-07-09,CityC,C2,16.9,26.1,65.1,1.0,16.9,0.2816666666666666,0.3807692307692308,0.5014285714285713,0.0,0.0,0.0
2025-07-10,CityA,A1,5.7,28.2,57.9,1.5,5.7,0.095,0.4076923076923077,0.3985714285714286,0.5,0.29640332593593727,29.6
2025-07-10,CityA,A2,6.4,27.5,66.9,1.5,6.4,0.10666666666666667,0.39871794871794874,0.5271428571428572,0.5,0.32538551073772093,32.5
2025-07-10,CityB,B1,13.9,30.6,61.6,1.5,13.9,0.23166666666666666,0.43846153846153846,0.45142857142857146,0.5,0.3891244546571171,38.9
2025-07-10,CityB,B2,11.0,37.5,61.2,1.0,11.0,0.18333333333333332,0.5315,0.44571428571428573,0.0,0.0,0.0
2025-07-10,CityC,C1,13.4,17.7,53.5,1.5,13.4,0.22333333333333333,0.2730769230769231,0.3357142857142857,0.5,0.3180860285762436,31.8
2025-07-10,CityC,C2,17.2,32.3,48.1,1.5,17.2,0.2866666666666667,0.46025641025641023,0.2585714285714286,0.5,0.36139479672317515,36.1
2025-07-11,CityA,A1,2.1,22.3,58.2,1.0,2.1,0.035,0.3320512820512821,0.4028571428571429,0.0,0.0,0.0
2025-07-11,CityA,A2,9.1,23.7,72.6,1.5,9.1,0.15166666666666667,0.35,0.6085714285714285,0.5,0.35650033100854917,35.7
2025-07-11,CityB,B1,19.3,18.4,61.4,1.5,19.3,0.32166666666666666,0.28205128205128205,0.44857142857142857,0.5,0.3776886529026549,37.8
2025-07-11,CityB,B2,14.5,51.3,67.8,1.5,14.5,0.24166666666666667,0.7384999999999999,0.5399999999999999,0.5,0.46852498336121784,46.9
2025-07-11,CityC,C1,19.2,1.0,55.5,1.5,19.2,0.32,0.016666666666666666,0.36428571428571427,0.5,0.17654390076963627,17.7
2025-07-11,CityC,C2,14.3,10.6,58.7,1.5,14.3,0.23833333333333334,0.17666666666666667,0.41000000000000003,0.5,0.3048058624861981,30.5
2025-07-12,CityA,A1,7.2,1.0,65.9,1.5,7.2,0.12000000000000001,0.016666666666666666,0.5128571428571429,0.5,0.15048704076351632,15.0
2025-07-12,CityA,A2,14.5,18.3,50.2,1.0,14.5,0.24166666666666667,0.28076923076923077,0.2885714285714286,0.0,0.0,0.0
2025-07-12,CityB,B1,3.3,7.0,63.5,1.5,3.3,0.055,0.11666666666666668,0.4785714285714286,0.5,0.19795048156469797,19.8
2025-07-12,CityB,B2,9.0,52.5,56.0,1.5,9.0,0.15,0.7565,0.37142857142857144,0.5,0.3810100013997765,38.1
2025-07-12,CityC,C1,9.1,14.7,45.2,1.5,9.1,0.15166666666666667,0.23461538461538461,0.2171428571428572,0.5,0.24931048599740357,24.9
2025-07-12,CityC,C2,8.6,16.4,62.8,1.5,8.6,0.14333333333333334,0.2564102564102564,0.4685714285714285,0.5,0.30461907881997835,30.5
2025-07-13,CityA,A1,10.1,15.7,64.0,1.0,10.1,0.16833333333333333,0.24743589743589745,0.4857142857142857,0.0,0.0,0.0
2025-07-13,CityA,A2,18.3,27.6,59.8,1.5,18.3,0.305,0.4,0.42571428571428566,0.5,0.4014320236781296,40.1
2025-07-13,CityB,B1,11.0,22.2,57.0,1.5,11.0,0.18333333333333332,0.3307692307692308,0.38571428571428573,0.5,0.3288520599350507,32.9
2025-07-13,CityB,B2,12.1,42.9,65.7,1.5,12.1,0.20166666666666666,0.6125,0.51,0.5,0.42127927886722377,42.1
2025-07-13,CityC,C1,21.8,42.5,62.9,1.5,21.8,0.36333333333333334,0.6065,0.47,0.5,0.47703580550185365,47.7
2025-07-13,CityC,C2,2.5,26.7,52.0,1.5,2.5,0.041666666666666664,0.38846153846153847,0.3142857142857143,0.5,0.22457316375285447,22.5
2025-07-14,CityA,A1,13.0,10.2,56.4,1.5,13.0,0.21666666666666667,0.17,0.3771428571428571,0.5,0.28868833026758267,28.9
2025-07-14,CityA,A2,0.0,17.4,54.5,1.5,0.0,0.0,0.2692307692307692,0.35,0.5,0.0,0.0
2025-07-14,CityB,B1,19.3,51.1,67.5,1.5,19.3,0.32166666666666666,0.7355,0.5357142857142857,0.5,0.5017333760859087,50.2
2025-07-14,CityB,B2,17.1,39.9,50.7,1.5,17.1,0.28500000000000003,0.5675,0.29571428571428576,0.5,0.39324504483513834,39.3
2025-07-14,CityC,C1,8.3,2.8,60.5,1.5,8.3,0.13833333333333334,0.04666666666666666,0.4357142857142857,0.5,0.19365394859421114,19.4
2025-07-14,CityC,C2,7.3,16.0,59.3,1.0,7.3,0.12166666666666666,0.2512820512820513,0.41857142857142854,0.0,0.0,0.0
2025-07-15,CityA,A1,0.0,3.4,67.4,1.5,0.0,0.0,0.05666666666666667,0.5342857142857144,0.5,0.0,0.0
2025-07-15,CityA,A2,11.3,41.0,67.4,1.5,11.3,0.18833333333333335,0.5840000000000001,0.5342857142857144,0.5,0.41401960023626627,41.4
2025-07-15,CityB,B1,22.2,60.7,47.7,1.0,22.2,0.37,0.8530000000000001,0.2528571428571429,0.0,0.0,0.0
2025-07-15,CityB,B2,17.2,45.9,65.5,1.5,17.2,0.2866666666666667,0.6575,0.5071428571428571,0.5,0.46756642496254053,46.8
2025-07-15,CityC,C1,15.1,39.6,76.9,1.0,15.1,0.25166666666666665,0.5630000000000001,0.67,0.0,0.0,0.0
2025-07-15,CityC,C2,10.8,40.3,63.7,1.0,10.8,0.18000000000000002,0.5735,0.4814285714285715,0.0,0.0,0.0
2025-07-16,CityA,A1,18.1,13.1,73.9,1.5,18.1,0.3016666666666667,0.21410256410256412,0.6271428571428572,0.5,0.37724319933700595,37.7
2025-07-16,CityA,A2,14.5,15.2,63.4,1.5,14.5,0.24166666666666667,0.24102564102564103,0.47714285714285715,0.5,0.34334016173734117,34.3
2025-07-16,CityB,B1,5.8,32.1,64.9,1.0,5.8,0.09666666666666666,0.45769230769230773,0.49857142857142867,0.0,0.0,0.0
2025-07-16,CityB,B2,18.8,20.3,69.6,1.5,18.8,0.31333333333333335,0.30641025641025643,0.5657142857142856,0.5,0.4059469304417422,40.6
2025-07-16,CityC,C1,6.9,19.8,49.0,1.5,6.9,0.115,0.30000000000000004,0.2714285714285714,0.5,0.2615839931339848,26.2
2025-07-16,CityC,C2,9.2,36.4,59.1,1.5,9.2,0.15333333333333332,0.515,0.41571428571428576,0.5,0.357933370355252,35.8
2025-07-17,CityA,A1,5.1,43.6,50.2,1.0,5.1,0.08499999999999999,0.623,0.2885714285714286,0.0,0.0,0.0
2025-07-17,CityA,A2,0.0,66.6,62.8,1.0,0.0,0.0,0.912,0.4685714285714285,0.0,0.0,0.0
2025-07-17,CityB,B1,2.6,70.0,59.2,1.5,2.6,0.043333333333333335,0.9460000000000001,0.4171428571428572,0.5,0.3040829098120455,30.4
2025-07-17,CityB,B2,22.7,59.8,63.5,1.5,22.7,0.3783333333333333,0.8440000000000001,0.4785714285714286,0.5,0.5257550540193615,52.6
2025-07-17,CityC,C1,4.3,1.0,70.0,1.5,4.3,0.07166666666666667,0.016666666666666666,0.5714285714285714,0.5,0.13591721829768932,13.6
2025-07-17,CityC,C2,11.2,26.0,54.5,1.5,11.2,0.18666666666666665,0.37948717948717947,0.35,0.5,0.33367639310841546,33.4
2025-07-18,CityA,A1,4.7,9.9,59.8,1.5,4.7,0.07833333333333334,0.16500000000000004,0.42571428571428566,0.5,0.2290233141897015,22.9
2025-07-18,CityA,A2,15.0,17.0,53.2,1.5,15.0,0.25,0.2641025641025641,0.33142857142857146,0.5,0.3234209466014634,32.3
2025-07-18,CityB,B1,0.0,43.5,50.8,1.0,0.0,0.0,0.6215,0.2971428571428571,0.0,0.0,0.0
2025-07-18,CityB,B2,13.9,26.9,47.0,1.0,13.9,0.23166666666666666,0.391025641025641,0.24285714285714285,0.0,0.0,0.0
2025-07-18,CityC,C1,4.2,37.4,56.3,1.5,4.2,0.07,0.53,0.37571428571428567,0.5,0.28893516800499275,28.9
2025-07-18,CityC,C2,14.1,8.5,53.9,1.5,14.1,0.235,0.1416666666666667,0.3414285714285714,0.5,0.2745689043650506,27.5
2025-07-19,CityA,A1,0.0,23.8,57.9,1.0,0.0,0.0,0.3512820512820513,0.3985714285714286,0.0,0.0,0.0
2025-07-19,CityA,A2,15.4,28.8,60.9,1.5,15.4,0.25666666666666665,0.41538461538461546,0.4414285714285714,0.5,0.3916630309288758,39.2
2025-07-19,CityB,B1,9.9,34.8,57.4,1.5,9.9,0.165,0.4923076923076923,0.3914285714285714,0.5,0.3550878180364712,35.5
2025-07-19,CityB,B2,24.5,33.0,74.3,1.5,24.5,0.4083333333333333,0.46923076923076923,0.6328571428571428,0.5,0.49621427270182966,49.6
2025-07-19,CityC,C1,10.4,17.1,59.4,1.5,10.4,0.17333333333333334,0.26538461538461544,0.42,0.5,0.3135048628051006,31.4
2025-07-19,CityC,C2,11.8,18.0,51.7,1.5,11.8,0.19666666666666668,0.27692307692307694,0.31000000000000005,0.5,0.30311358485699325,30.3
2025-07-20,CityA,A1,18.3,31.6,56.2,1.0,18.3,0.305,0.45128205128205134,0.37428571428571433,0.0,0.0,0.0
2025-07-20,CityA,A2,0.0,33.7,62.8,1.0,0.0,0.0,0.4782051282051282,0.4685714285714285,0.0,0.0,0.0
2025-07-20,CityB,B1,24.5,37.9,68.9,1.5,24.5,0.4083333333333333,0.5375,0.5557142857142858,0.5,0.4969397269863051,49.7
2025-07-20,CityB,B2,5.8,29.0,64.0,1.5,5.8,0.09666666666666666,0.417948717948718,0.4857142857142857,0.5,0.3147296476050996,31.5
2025-07-20,CityC,C1,13.7,10.2,68.6,1.5,13.7,0.22833333333333333,0.17,0.5514285714285714,0.5,0.32163949886519516,32.2
2025-07-20,CityC,C2,11.0,32.1,50.2,1.5,11.0,0.18333333333333332,0.45769230769230773,0.2885714285714286,0.5,0.3317107876056122,33.2
2025-07-21,CityA,A1,7.4,19.6,65.3,1.5,7.4,0.12333333333333334,0.2974358974358975,0.5042857142857142,0.5,0.3101202535097256,31.0
2025-07-21,CityA,A2,4.9,36.6,69.5,1.0,4.9,0.08166666666666668,0.518,0.5642857142857143,0.0,0.0,0.0
2025-07-21,CityB,B1,17.0,67.2,52.1,1.5,17.0,0.2833333333333333,0.9180000000000001,0.3157142857142857,0.5,0.45014367015871165,45.0
2025-07-21,CityB,B2,9.4,52.0,56.8,1.5,9.4,0.15666666666666668,0.749,0.38285714285714284,0.5,0.3871384392052053,38.7
2025-07-21,CityC,C1,13.9,26.3,72.9,1.0,13.9,0.23166666666666666,0.38333333333333336,0.612857142857143,0.0,0.0,0.0
2025-07-21,CityC,C2,14.7,38.3,65.6,1.0,14.7,0.245,0.5435,0.5085714285714285,0.0,0.0,0.0
2025-07-22,CityA,A1,14.3,28.5,65.8,1.0,14.3,0.23833333333333334,0.4115384615384615,0.5114285714285713,0.0,0.0,0.0
2025-07-22,CityA,A2,11.8,15.2,67.6,1.5,11.8,0.19666666666666668,0.24102564102564103,0.537142857142857,0.5,0.3359026678659402,33.6
2025-07-22,CityB,B1,11.0,40.2,51.2,1.5,11.0,0.18333333333333332,0.5720000000000001,0.3028571428571429,0.5,0.35498607895412476,35.5
2025-07-22,CityB,B2,3.4,53.1,42.7,1.5,3.4,0.056666666666666664,0.7655000000000001,0.18142857142857147,0.5,0.2504592851728933,25.0
2025-07-22,CityC,C1,8.2,1.0,73.1,1.5,8.2,0.13666666666666666,0.016666666666666666,0.6157142857142857,0.5,0.16272907152893115,16.3
2025-07-22,CityC,C2,18.1,20.0,73.0,1.5,18.1,0.3016666666666667,0.3025641025641026,0.6142857142857143,0.5,0.4091864898809043,40.9
2025-07-23,CityA,A1,8.4,36.9,56.4,1.5,8.4,0.14,0.5225,0.3771428571428571,0.5,0.3427066687013027,34.3
2025-07-23,CityA,A2,7.9,1.0,61.4,1.0,7.9,0.13166666666666668,0.016666666666666666,0.44857142857142857,0.0,0.0,0.0
2025-07-23,CityB,B1,20.3,48.5,64.8,1.0,20.3,0.3383333333333333,0.6965,0.4971428571428571,0.0,0.0,0.0
2025-07-23,CityB,B2,17.1,59.8,60.7,1.0,17.1,0.28500000000000003,0.8440000000000001,0.4385714285714286,0.0,0.0,0.0
2025-07-23,CityC,C1,10.5,25.9,58.5,1.5,10.5,0.175,0.3782051282051282,0.40714285714285714,0.5,0.3406987746340868,34.1
2025-07-23,CityC,C2,15.3,25.9,51.1,1.5,15.3,0.255,0.3782051282051282,0.30142857142857143,0.5,0.3472206160884896,34.7
2025-07-24,CityA,A1,2.1,3.4,61.4,1.5,2.1,0.035,0.05666666666666667,0.44857142857142857,0.5,0.14522765701103404,14.5
2025-07-24,CityA,A2,16.4,42.7,66.2,1.5,16.4,0.2733333333333333,0.6095,0.5171428571428572,0.5,0.45557691629026154,45.6
2025-07-24,CityB,B1,5.6,40.9,62.6,1.5,5.6,0.09333333333333332,0.5825,0.46571428571428575,0.5,0.33543283107125893,33.5
2025-07-24,CityB,B2,14.4,16.1,63.5,1.0,14.4,0.24000000000000002,0.2525641025641026,0.4785714285714286,0.0,0.0,0.0
2025-07-24,CityC,C1,7.1,17.7,56.3,1.5,7.1,0.11833333333333333,0.2730769230769231,0.37571428571428567,0.5,0.279128995682921,27.9
2025-07-24,CityC,C2,18.9,27.1,61.1,1.5,18.9,0.315,0.39358974358974363,0.4442857142857143,0.5,0.4073771541660545,40.7
2025-07-25,CityA,A1,8.3,20.6,54.4,1.5,8.3,0.13833333333333334,0.31025641025641026,0.34857142857142853,0.5,0.2940880305523967,29.4
2025-07-25,CityA,A2,4.0,13.1,51.3,1.5,4.0,0.06666666666666667,0.21410256410256412,0.30428571428571427,0.5,0.21587161682261768,21.6
2025-07-25,CityB,B1,10.3,51.3,66.0,1.5,10.3,0.1716666666666667,0.7384999999999999,0.5142857142857142,0.5,0.424915657778611,42.5
2025-07-25,CityB,B2,7.8,50.4,63.7,1.5,7.8,0.13,0.725,0.4814285714285715,0.5,0.38810193318176556,38.8
2025-07-25,CityC,C1,15.5,30.2,58.0,1.5,15.5,0.25833333333333336,0.43333333333333335,0.4,0.5,0.3868193005135037,38.7
2025-07-25,CityC,C2,5.2,27.9,54.1,1.5,5.2,0.08666666666666667,0.40384615384615385,0.3442857142857143,0.5,0.27860522874005816,27.9
2025-07-26,CityA,A1,22.8,1.0,55.6,1.0,22.8,0.38,0.016666666666666666,0.3657142857142857,0.0,0.0,0.0
2025-07-26,CityA,A2,2.4,34.5,77.7,1.5,2.4,0.04,0.48846153846153845,0.6814285714285715,0.5,0.2856407580227807,28.6
2025-07-26,CityB,B1,16.4,19.7,65.3,1.5,16.4,0.2733333333333333,0.2987179487179487,0.5042857142857142,0.5,0.3787914314989486,37.9
2025-07-26,CityB,B2,2.7,18.5,44.7,1.5,2.7,0.045000000000000005,0.2833333333333333,0.21000000000000005,0.5,0.1912823377966492,19.1
2025-07-26,CityC,C1,15.4,44.4,57.0,1.5,15.4,0.25666666666666665,0.635,0.38571428571428573,0.5,0.421060722230308,42.1
2025-07-26,CityC,C2,10.8,3.5,54.3,1.5,10.8,0.18000000000000002,0.05833333333333334,0.3471428571428571,0.5,0.20661739619952896,20.7
2025-07-27,CityA,A1,1.9,51.2,63.9,1.0,1.9,0.03166666666666666,0.7370000000000001,0.48428571428571426,0.0,0.0,0.0
2025-07-27,CityA,A2,13.8,23.5,47.6,1.5,13.8,0.23,0.3474358974358974,0.25142857142857145,0.5,0.3165897056581855,31.7
2025-07-27,CityB,B1,22.1,53.1,58.0,1.5,22.1,0.36833333333333335,0.7655000000000001,0.4,0.5,0.4873085749124899,48.7
2025-07-27,CityB,B2,2.8,50.4,75.6,1.5,2.8,0.04666666666666666,0.725,0.6514285714285714,0.5,0.3240002897777804,32.4
2025-07-27,CityC,C1,0.3,10.6,53.4,1.5,0.3,0.005,0.17666666666666667,0.33428571428571424,0.5,0.11023083830591704,11.0
2025-07-27,CityC,C2,13.0,28.1,52.6,1.5,13.0,0.21666666666666667,0.4064102564102564,0.3228571428571429,0.5,0.34529023086283855,34.5
2025-07-28,CityA,A1,6.0,2.2,70.0,1.0,6.0,0.1,0.036666666666666674,0.5714285714285714,0.0,0.0,0.0
2025-07-28,CityA,A2,6.2,39.7,50.3,1.0,6.2,0.10333333333333333,0.5645,0.29,0.0,0.0,0.0
2025-07-28,CityB,B1,0.0,32.5,54.0,1.5,0.0,0.0,0.46282051282051284,0.34285714285714286,0.5,0.0,0.0
2025-07-28,CityB,B2,16.7,74.8,63.1,1.5,16.7,0.2783333333333333,0.994,0.47285714285714286,0.5,0.5057232157323064,50.6
2025-07-28,CityC,C1,14.6,25.0,61.2,1.0,14.6,0.24333333333333332,0.3666666666666667,0.44571428571428573,0.0,0.0,0.0
2025-07-28,CityC,C2,26.8,3.9,52.9,1.5,26.8,0.44666666666666666,0.065,0.3271428571428571,0.5,0.2625131641775121,26.3
2025-07-29,CityA,A1,0.0,2.1,60.5,1.0,0.0,0.0,0.035,0.4357142857142857,0.0,0.0,0.0
2025-07-29,CityA,A2,0.0,3.4,42.8,1.0,0.0,0.0,0.05666666666666667,0.18285714285714283,0.0,0.0,0.0
2025-07-29,CityB,B1,14.2,61.0,44.0,1.0,14.2,0.23666666666666666,0.8560000000000001,0.2,0.0,0.0,0.0
2025-07-29,CityB,B2,19.3,33.4,69.3,1.5,19.3,0.32166666666666666,0.47435897435897434,0.5614285714285714,0.5,0.45492983940877707,45.5
2025-07-29,CityC,C1,13.6,24.8,54.7,1.5,13.6,0.22666666666666666,0.36410256410256414,0.3528571428571429,0.5,0.3473722152534196,34.7
2025-07-29,CityC,C2,18.0,13.5,55.6,1.5,18.0,0.3,0.21923076923076923,0.3657142857142857,0.5,0.33115679672264775,33.1
2025-07-30,CityA,A1,8.3,22.6,58.2,1.5,8.3,0.13833333333333334,0.3358974358974359,0.4028571428571429,0.5,0.3110381433170299,31.1
2025-07-30,CityA,A2,9.2,33.7,47.2,1.5,9.2,0.15333333333333332,0.4782051282051282,0.24571428571428575,0.5,0.3080795025209132,30.8
2025-07-30,CityB,B1,20.3,48.4,60.1,1.5,20.3,0.3383333333333333,0.6950000000000001,0.43,0.5,0.47417866870626524,47.4
2025-07-30,CityB,B2,4.1,47.7,68.0,1.5,4.1,0.06833333333333333,0.6845000000000001,0.5428571428571428,0.5,0.33567222317739775,33.6
2025-07-30,CityC,C1,15.0,20.8,45.6,1.5,15.0,0.25,0.3128205128205128,0.22285714285714286,0.5,0.3055328764419356,30.6
2025-07-30,CityC,C2,8.1,14.4,65.1,1.5,8.1,0.13499999999999998,0.23076923076923078,0.5014285714285713,0.5,0.29728478862124263,29.7
2025-07-31,CityA,A1,0.0,38.8,69.2,1.5,0.0,0.0,0.5509999999999999,0.56,0.5,0.0,0.0
2025-07-31,CityA,A2,0.0,9.7,59.5,1.0,0.0,0.0,0.16166666666666665,0.42142857142857143,0.0,0.0,0.0
2025-07-31,CityB,B1,15.9,60.6,55.2,1.5,15.9,0.265,0.8520000000000001,0.36000000000000004,0.5,0.4489929206412535,44.9
2025-07-31,CityB,B2,1.6,30.8,57.6,1.0,1.6,0.02666666666666667,0.441025641025641,0.3942857142857143,0.0,0.0,0.0
2025-07-31,CityC,C1,21.1,40.2,54.1,1.0,21.1,0.3516666666666667,0.5720000000000001,0.3442857142857143,0.0,0.0,0.0
2025-07-31,CityC,C2,7.5,34.2,48.1,1.0,7.5,0.125,0.48461538461538467,0.2585714285714286,0.0,0.0,0.0
2025-08-01,CityA,A1,10.8,31.0,56.5,1.5,10.8,0.18000000000000002,0.44358974358974357,0.37857142857142856,0.5,0.3506250656094591,35.1
2025-08-01,CityA,A2,16.0,25.7,42.6,1.5,16.0,0.26666666666666666,0.37564102564102564,0.18000000000000002,0.5,0.3081385714672937,30.8
2025-08-01,CityB,B1,15.2,51.4,55.4,1.5,15.2,0.2533333333333333,0.74,0.3628571428571428,0.5,0.429444885210208,42.9
2025-08-01,CityB,B2,0.0,45.8,70.9,1.5,0.0,0.0,0.6559999999999999,0.5842857142857144,0.5,0.0,0.0
2025-08-01,CityC,C1,14.7,2.1,67.5,1.5,14.7,0.245,0.035,0.5357142857142857,0.5,0.21891944587382373,21.9
2025-08-01,CityC,C2,9.0,19.8,64.6,1.0,9.0,0.15,0.30000000000000004,0.4942857142857142,0.0,0.0,0.0
2025-08-02,CityA,A1,12.9,1.0,46.1,1.5,12.9,0.215,0.016666666666666666,0.23,0.5,0.14247749224254128,14.2
2025-08-02,CityA,A2,8.0,2.1,59.7,1.0,8.0,0.13333333333333333,0.035,0.4242857142857143,0.0,0.0,0.0
2025-08-02,CityB,B1,16.4,21.4,63.5,1.5,16.4,0.2733333333333333,0.3205128205128205,0.4785714285714286,0.5,0.3805079138858607,38.1
2025-08-02,CityB,B2,19.2,62.1,58.3,1.5,19.2,0.32,0.8670000000000001,0.40428571428571425,0.5,0.4866389528161654,48.7
2025-08-02,CityC,C1,14.8,22.5,62.6,1.0,14.8,0.24666666666666667,0.33461538461538465,0.46571428571428575,0.0,0.0,0.0
2025-08-02,CityC,C2,11.0,28.8,64.1,1.5,11.0,0.18333333333333332,0.41538461538461546,0.48714285714285704,0.5,0.3690451875667354,36.9
2025-08-03,CityA,A1,2.3,1.0,62.9,1.5,2.3,0.03833333333333333,0.016666666666666666,0.47,0.5,0.11069380071685074,11.1
2025-08-03,CityA,A2,6.5,26.9,54.6,1.5,6.5,0.10833333333333334,0.391025641025641,0.3514285714285714,0.5,0.29372682007600004,29.4
2025-08-03,CityB,B1,8.4,38.9,68.7,1.0,8.4,0.14,0.5525,0.5528571428571429,0.0,0.0,0.0
2025-08-03,CityB,B2,15.5,28.0,70.4,1.5,15.5,0.25833333333333336,0.40512820512820513,0.5771428571428572,0.5,0.4168756844273095,41.7
2025-08-03,CityC,C1,5.5,1.0,70.0,1.5,5.5,0.09166666666666666,0.016666666666666666,0.5714285714285714,0.5,0.14454332343949208,14.5
2025-08-03,CityC,C2,13.1,29.1,70.5,1.5,13.1,0.21833333333333332,0.4192307692307693,0.5785714285714286,0.5,0.4033899236527071,40.3
2025-08-04,CityA,A1,2.8,6.8,67.7,1.5,2.8,0.04666666666666666,0.11333333333333334,0.5385714285714286,0.5,0.1942649449898705,19.4
2025-08-04,CityA,A2,7.7,10.3,67.4,1.5,7.7,0.12833333333333333,0.1716666666666667,0.5342857142857144,0.5,0.2769760732638498,27.7
2025-08-04,CityB,B1,20.7,67.0,66.0,1.0,20.7,0.345,0.916,0.5142857142857142,0.0,0.0,0.0
2025-08-04,CityB,B2,15.6,43.4,52.7,1.5,15.6,0.26,0.62,0.32428571428571434,0.5,0.40208300291713217,40.2
2025-08-04,CityC,C1,5.7,1.0,76.4,1.5,5.7,0.095,0.016666666666666666,0.6628571428571429,0.5,0.15135284015014316,15.1
2025-08-04,CityC,C2,5.4,24.7,58.7,1.0,5.4,0.09000000000000001,0.3628205128205128,0.41000000000000003,0.0,0.0,0.0
2025-08-05,CityA,A1,9.3,17.5,49.3,1.5,9.3,0.155,0.27051282051282055,0.2757142857142857,0.5,0.27573202226687205,27.6
2025-08-05,CityA,A2,13.5,17.5,62.3,1.5,13.5,0.225,0.27051282051282055,0.4614285714285714,0.5,0.3442399058883417,34.4
2025-08-05,CityB,B1,14.2,64.0,69.0,1.5,14.2,0.23666666666666666,0.8860000000000001,0.5571428571428572,0.5,0.4916169485326853,49.2
2025-08-05,CityB,B2,7.2,38.6,59.3,1.0,7.2,0.12000000000000001,0.548,0.41857142857142854,0.0,0.0,0.0
2025-08-05,CityC,C1,8.8,28.8,69.9,1.5,8.8,0.14666666666666667,0.41538461538461546,0.5700000000000001,0.5,0.36300003952402393,36.3
2025-08-05,CityC,C2,12.1,42.2,56.0,1.5,12.1,0.20166666666666666,0.6020000000000001,0.37142857142857144,0.5,0.3874975677548407,38.7
2025-08-06,CityA,A1,0.0,21.2,74.5,1.0,0.0,0.0,0.31794871794871793,0.6357142857142857,0.0,0.0,0.0
2025-08-06,CityA,A2,11.7,39.3,65.4,1.5,11.7,0.19499999999999998,0.5585,0.5057142857142858,0.5,0.4073645696975927,40.7
2025-08-06,CityB,B1,20.0,43.7,64.3,1.0,20.0,0.3333333333333333,0.6245,0.48999999999999994,0.0,0.0,0.0
2025-08-06,CityB,B2,14.0,36.9,53.2,1.5,14.0,0.23333333333333334,0.5225,0.33142857142857146,0.5,0.37701250665930525,37.7
2025-08-06,CityC,C1,4.2,36.2,66.1,1.0,4.2,0.07,0.512,0.5157142857142857,0.0,0.0,0.0
2025-08-06,CityC,C2,15.5,12.3,51.1,1.5,15.5,0.25833333333333336,0.20384615384615387,0.30142857142857143,0.5,0.298475952816932,29.8
2025-08-07,CityA,A1,17.8,59.4,61.8,1.0,17.8,0.2966666666666667,0.8400000000000001,0.45428571428571424,0.0,0.0,0.0
2025-08-07,CityA,A2,9.4,8.2,65.2,1.5,9.4,0.15666666666666668,0.13666666666666666,0.5028571428571429,0.5,0.27087159076156064,27.1
2025-08-07,CityB,B1,16.6,56.8,65.1,1.5,16.6,0.27666666666666667,0.8140000000000001,0.5014285714285713,0.5,0.4874612309348179,48.7
2025-08-07,CityB,B2,14.9,27.7,43.2,1.0,14.9,0.24833333333333335,0.4012820512820513,0.1885714285714286,0.0,0.0,0.0
2025-08-07,CityC,C1,7.9,30.1,63.2,1.5,7.9,0.13166666666666668,0.43205128205128207,0.4742857142857143,0.5,0.340804481322886,34.1
2025-08-07,CityC,C2,6.7,1.0,70.1,1.5,6.7,0.11166666666666666,0.016666666666666666,0.5728571428571427,0.5,0.15194875979422415,15.2
2025-08-08,CityA,A1,0.0,1.0,60.2,1.0,0.0,0.0,0.016666666666666666,0.4314285714285715,0.0,0.0,0.0
2025-08-08,CityA,A2,14.5,21.9,54.5,1.0,14.5,0.24166666666666667,0.32692307692307687,0.35,0.0,0.0,0.0
2025-08-08,CityB,B1,24.4,58.1,68.2,1.0,24.4,0.4066666666666666,0.8270000000000001,0.5457142857142857,0.0,0.0,0.0
2025-08-08,CityB,B2,15.6,39.9,70.5,1.5,15.6,0.26,0.5675,0.5785714285714286,0.5,0.4545341837041784,45.5
2025-08-08,CityC,C1,14.7,7.7,64.4,1.0,14.7,0.245,0.12833333333333335,0.4914285714285715,0.0,0.0,0.0
2025-08-08,CityC,C2,9.0,2.9,58.5,1.5,9.0,0.15,0.04833333333333334,0.40714285714285714,0.5,0.19600344637455447,19.6
2025-08-09,CityA,A1,2.9,18.0,63.8,1.0,2.9,0.04833333333333333,0.27692307692307694,0.4828571428571428,0.0,0.0,0.0
2025-08-09,CityA,A2,0.0,31.6,67.1,1.5,0.0,0.0,0.45128205128205134,0.5299999999999999,0.5,0.0,0.0
2025-08-09,CityB,B1,5.9,67.8,69.8,1.0,5.9,0.09833333333333334,0.924,0.5685714285714285,0.0,0.0,0.0
2025-08-09,CityB,B2,15.5,52.8,67.0,1.5,15.5,0.25833333333333336,0.7609999999999999,0.5285714285714286,0.5,0.4774299925142571,47.7
2025-08-09,CityC,C1,4.5,25.2,48.7,1.5,4.5,0.075,0.36923076923076925,0.2671428571428572,0.5,0.2466142569293143,24.7
2025-08-09,CityC,C2,5.0,30.8,73.4,1.5,5.0,0.08333333333333333,0.441025641025641,0.6200000000000001,0.5,0.32670898011809013,32.7
2025-08-10,CityA,A1,8.8,1.0,62.6,1.5,8.8,0.14666666666666667,0.016666666666666666,0.46571428571428575,0.5,0.15446049914476043,15.4
2025-08-10,CityA,A2,7.1,13.8,64.2,1.5,7.1,0.11833333333333333,0.2230769230769231,0.4885714285714286,0.5,0.28337723183012686,28.3
2025-08-10,CityB,B1,9.8,46.0,58.5,1.5,9.8,0.16333333333333336,0.659,0.40714285714285714,0.5,0.38474170571553185,38.5
2025-08-10,CityB,B2,20.3,53.6,71.4,1.5,20.3,0.3383333333333333,0.773,0.5914285714285715,0.5,0.5273502384533465,52.7
2025-08-10,CityC,C1,11.8,46.6,73.3,1.5,11.8,0.19666666666666668,0.668,0.6185714285714285,0.5,0.448969428761318,44.9
2025-08-10,CityC,C2,9.3,15.9,52.0,1.0,9.3,0.155,0.25,0.3142857142857143,0.0,0.0,0.0
2025-08-11,CityA,A1,10.1,21.8,52.2,1.0,10.1,0.16833333333333333,0.3256410256410257,0.31714285714285717,0.0,0.0,0.0
2025-08-11,CityA,A2,2.6,33.3,54.5,1.5,2.6,0.043333333333333335,0.47307692307692306,0.35,0.5,0.24473606753716276,24.5
2025-08-11,CityB,B1,17.5,28.0,71.9,1.0,17.5,0.2916666666666667,0.40512820512820513,0.5985714285714286,0.0,0.0,0.0
2025-08-11,CityB,B2,10.4,42.6,58.6,1.0,10.4,0.17333333333333334,0.6080000000000001,0.4085714285714286,0.0,0.0,0.0
2025-08-11,CityC,C1,12.6,3.0,45.9,1.5,12.6,0.21,0.05,0.22714285714285712,0.5,0.1858294737108837,18.6
2025-08-11,CityC,C2,5.8,25.3,73.5,1.5,5.8,0.09666666666666666,0.37051282051282053,0.6214285714285714,0.5,0.3247957225764219,32.5
2025-08-12,CityA,A1,7.3,10.9,67.1,1.5,7.3,0.12166666666666666,0.18166666666666667,0.5299999999999999,0.5,0.276645227725015,27.7
2025-08-12,CityA,A2,2.5,7.4,64.9,1.5,2.5,0.041666666666666664,0.12333333333333335,0.49857142857142867,0.5,0.18918715866065075,18.9
2025-08-12,CityB,B1,14.8,39.5,47.1,1.5,14.8,0.24666666666666667,0.5615,0.2442857142857143,0.5,0.36064679336451777,36.1
2025-08-12,CityB,B2,19.0,27.7,58.7,1.5,19.0,0.31666666666666665,0.4012820512820513,0.41000000000000003,0.5,0.40174593083699545,40.2
2025-08-12,CityC,C1,18.1,59.9,57.6,1.5,18.1,0.3016666666666667,0.8450000000000001,0.3942857142857143,0.5,0.4734686955779223,47.3
2025-08-12,CityC,C2,12.9,52.6,67.5,1.5,12.9,0.215,0.758,0.5357142857142857,0.5,0.4570910570117562,45.7
2025-08-13,CityA,A1,1.6,1.0,63.5,1.5,1.6,0.02666666666666667,0.016666666666666666,0.4785714285714286,0.5,0.1015508501000917,10.2
2025-08-13,CityA,A2,13.4,18.2,69.0,1.5,13.4,0.22333333333333333,0.2794871794871795,0.5571428571428572,0.5,0.363130729873053,36.3
2025-08-13,CityB,B1,17.7,29.7,57.6,1.0,17.7,0.295,0.4269230769230769,0.3942857142857143,0.0,0.0,0.0
2025-08-13,CityB,B2,7.1,30.3,53.6,1.0,7.1,0.11833333333333333,0.4346153846153846,0.3371428571428572,0.0,0.0,0.0
2025-08-13,CityC,C1,21.5,24.1,62.9,1.0,21.5,0.35833333333333334,0.35512820512820514,0.47,0.0,0.0,0.0
2025-08-13,CityC,C2,7.0,14.6,64.1,1.5,7.0,0.11666666666666667,0.23333333333333334,0.48714285714285704,0.5,0.2853563094367707,28.5
2025-08-14,CityA,A1,17.5,25.7,74.6,1.5,17.5,0.2916666666666667,0.37564102564102564,0.637142857142857,0.5,0.4322317445371966,43.2
2025-08-14,CityA,A2,20.1,1.0,52.6,1.5,20.1,0.335,0.016666666666666666,0.3228571428571429,0.5,0.17326805090224665,17.3
2025-08-14,CityB,B1,6.2,39.9,68.3,1.5,6.2,0.10333333333333333,0.5675,0.5471428571428572,0.5,0.3558928482296493,35.6
2025-08-14,CityB,B2,15.0,38.1,53.0,1.0,15.0,0.25,0.5405000000000001,0.32857142857142857,0.0,0.0,0.0
2025-08-14,CityC,C1,12.7,1.0,67.4,1.0,12.7,0.21166666666666664,0.016666666666666666,0.5342857142857144,0.0,0.0,0.0
2025-08-14,CityC,C2,8.0,5.8,51.0,1.5,8.0,0.13333333333333333,0.09666666666666668,0.3,0.5,0.20968950027976221,21.0
2025-08-15,CityA,A1,12.6,17.1,50.2,1.0,12.6,0.21,0.26538461538461544,0.2885714285714286,0.0,0.0,0.0
2025-08-15,CityA,A2,8.7,1.6,61.7,1.0,8.7,0.145,0.02666666666666667,0.4528571428571429,0.0,0.0,0.0
2025-08-15,CityB,B1,16.7,35.9,60.2,1.0,16.7,0.2783333333333333,0.5075,0.4314285714285715,0.0,0.0,0.0
2025-08-15,CityB,B2,4.3,31.8,55.9,1.5,4.3,0.07166666666666667,0.4538461538461539,0.37,0.5,0.2785155183467085,27.9
2025-08-15,CityC,C1,16.7,28.5,68.0,1.5,16.7,0.2783333333333333,0.4115384615384615,0.5428571428571428,0.5,0.41991153301967016,42.0
2025-08-15,CityC,C2,8.2,20.4,71.3,1.5,8.2,0.13666666666666666,0.3076923076923077,0.59,0.5,0.33373389279056687,33.4
2025-08-16,CityA,A1,9.6,19.3,69.2,1.0,9.6,0.16,0.2935897435897436,0.56,0.0,0.0,0.0
2025-08-16,CityA,A2,16.6,7.1,62.9,1.5,16.6,0.27666666666666667,0.11833333333333335,0.47,0.5,0.29616446544199304,29.6
2025-08-16,CityB,B1,19.1,78.8,64.6,1.5,19.1,0.31833333333333336,1.0,0.4942857142857142,0.5,0.5296116685037632,53.0
2025-08-16,CityB,B2,14.0,44.4,59.4,1.0,14.0,0.23333333333333334,0.635,0.42,0.0,0.0,0.0
2025-08-16,CityC,C1,13.6,24.6,74.5,1.0,13.6,0.22666666666666666,0.3615384615384616,0.6357142857142857,0.0,0.0,0.0
2025-08-16,CityC,C2,14.1,1.0,68.7,1.5,14.1,0.235,0.016666666666666666,0.5528571428571429,0.5,0.18139482181004274,18.1
2025-08-17,CityA,A1,8.8,21.7,47.0,1.0,8.8,0.14666666666666667,0.3243589743589744,0.24285714285714285,0.0,0.0,0.0
2025-08-17,CityA,A2,9.0,11.5,56.7,1.5,9.0,0.15,0.19166666666666668,0.38142857142857145,0.5,0.27211674580979806,27.2
2025-08-17,CityB,B1,7.3,49.1,50.9,1.5,7.3,0.12166666666666666,0.7055,0.29857142857142854,0.5,0.33645091951874295,33.6
2025-08-17,CityB,B2,24.1,51.9,64.9,1.5,24.1,0.40166666666666667,0.7474999999999999,0.49857142857142867,0.5,0.5230504681202516,52.3
2025-08-17,CityC,C1,12.2,22.0,63.0,1.5,12.2,0.2033333333333333,0.32820512820512826,0.4714285714285714,0.5,0.35414813720248095,35.4
2025-08-17,CityC,C2,7.3,6.2,64.0,1.0,7.3,0.12166666666666666,0.10333333333333335,0.4857142857142857,0.0,0.0,0.0
2025-08-18,CityA,A1,11.5,12.9,67.0,1.0,11.5,0.19166666666666668,0.21153846153846156,0.5285714285714286,0.0,0.0,0.0
2025-08-18,CityA,A2,0.0,15.0,63.5,1.5,0.0,0.0,0.23846153846153847,0.4785714285714286,0.5,0.0,0.0
2025-08-18,CityB,B1,15.1,42.7,62.8,1.0,15.1,0.25166666666666665,0.6095,0.4685714285714285,0.0,0.0,0.0
2025-08-18,CityB,B2,14.9,52.9,62.8,1.0,14.9,0.24833333333333335,0.7625,0.4685714285714285,0.0,0.0,0.0
2025-08-18,CityC,C1,6.2,22.3,46.4,1.0,6.2,0.10333333333333333,0.3320512820512821,0.23428571428571426,0.0,0.0,0.0
2025-08-18,CityC,C2,0.0,5.7,57.6,1.0,0.0,0.0,0.09500000000000001,0.3942857142857143,0.0,0.0,0.0
2025-08-19,CityA,A1,4.8,18.6,62.7,1.5,4.8,0.08,0.28461538461538466,0.4671428571428572,0.5,0.27004865521829874,27.0
2025-08-19,CityA,A2,9.1,13.5,66.0,1.0,9.1,0.15166666666666667,0.21923076923076923,0.5142857142857142,0.0,0.0,0.0
2025-08-19,CityB,B1,15.2,53.3,68.0,1.0,15.2,0.2533333333333333,0.7685,0.5428571428571428,0.0,0.0,0.0
2025-08-19,CityB,B2,24.3,32.0,66.5,1.0,24.3,0.405,0.45641025641025645,0.5214285714285715,0.0,0.0,0.0
2025-08-19,CityC,C1,14.0,10.3,52.7,1.5,14.0,0.23333333333333334,0.1716666666666667,0.32428571428571434,0.5,0.28388349625823667,28.4
2025-08-19,CityC,C2,12.6,21.3,55.4,1.0,12.6,0.21,0.31923076923076926,0.3628571428571428,0.0,0.0,0.0
2025-08-20,CityA,A1,12.8,1.0,51.6,1.5,12.8,0.21333333333333335,0.016666666666666666,0.3085714285714286,0.5,0.1530411766511379,15.3
2025-08-20,CityA,A2,1.6,10.2,61.2,1.0,1.6,0.02666666666666667,0.17,0.44571428571428573,0.0,0.0,0.0
2025-08-20,CityB,B1,14.6,53.5,67.2,1.5,14.6,0.24333333333333332,0.7715000000000001,0.5314285714285715,0.5,0.4725938981708716,47.3
2025-08-20,CityB,B2,13.3,32.4,66.4,1.0,13.3,0.22166666666666668,0.46153846153846156,0.5200000000000001,0.0,0.0,0.0
2025-08-20,CityC,C1,12.4,37.4,52.6,1.5,12.4,0.20666666666666667,0.53,0.3228571428571429,0.5,0.36465458366375925,36.5
2025-08-20,CityC,C2,13.4,12.3,60.2,1.0,13.4,0.22333333333333333,0.20384615384615387,0.4314285714285715,0.0,0.0,0.0
2025-08-21,CityA,A1,11.9,60.3,45.5,1.0,11.9,0.19833333333333333,0.849,0.22142857142857142,0.0,0.0,0.0
2025-08-21,CityA,A2,3.9,3.2,59.1,1.0,3.9,0.065,0.05333333333333334,0.41571428571428576,0.0,0.0,0.0
2025-08-21,CityB,B1,11.2,54.3,72.9,1.0,11.2,0.18666666666666665,0.7835,0.612857142857143,0.0,0.0,0.0
2025-08-21,CityB,B2,19.9,48.7,69.6,1.0,19.9,0.33166666666666667,0.6995,0.5657142857142856,0.0,0.0,0.0
2025-08-21,CityC,C1,10.5,7.4,77.4,1.5,10.5,0.175,0.12333333333333335,0.6771428571428573,0.5,0.29237632704433214,29.2
2025-08-21,CityC,C2,10.9,16.9,46.0,1.5,10.9,0.18166666666666667,0.26282051282051283,0.22857142857142856,0.5,0.27178883571532303,27.2
2025-08-22,CityA,A1,21.7,21.6,59.2,1.5,21.7,0.36166666666666664,0.3230769230769231,0.4171428571428572,0.5,0.3951093520364314,39.5
2025-08-22,CityA,A2,6.9,21.6,56.2,1.0,6.9,0.115,0.3230769230769231,0.37428571428571433,0.0,0.0,0.0
2025-08-22,CityB,B1,9.4,29.6,48.7,1.0,9.4,0.15666666666666668,0.4256410256410257,0.2671428571428572,0.0,0.0,0.0
2025-08-22,CityB,B2,11.5,20.7,38.9,1.5,11.5,0.19166666666666668,0.31153846153846154,0.1271428571428571,0.5,0.24821616304836175,24.8
2025-08-22,CityC,C1,10.8,20.1,68.7,1.5,10.8,0.18000000000000002,0.3038461538461539,0.5528571428571429,0.5,0.3506527865199251,35.1
2025-08-22,CityC,C2,8.5,12.6,49.3,1.5,8.5,0.14166666666666666,0.2076923076923077,0.2757142857142857,0.5,0.25236512599106486,25.2
2025-08-23,CityA,A1,7.0,30.1,61.7,1.5,7.0,0.11666666666666667,0.43205128205128207,0.4528571428571429,0.5,0.32685364206648987,32.7
2025-08-23,CityA,A2,3.5,21.6,42.7,1.5,3.5,0.058333333333333334,0.3230769230769231,0.18142857142857147,0.5,0.2033408358052067,20.3
2025-08-23,CityB,B1,11.6,31.1,71.8,1.5,11.6,0.19333333333333333,0.4448717948717949,0.5971428571428571,0.5,0.4003109448529263,40.0
2025-08-23,CityB,B2,7.7,51.6,72.3,1.5,7.7,0.12833333333333333,0.7430000000000001,0.6042857142857142,0.5,0.41198855833656894,41.2
2025-08-23,CityC,C1,9.1,22.2,72.9,1.5,9.1,0.15166666666666667,0.3307692307692308,0.612857142857143,0.5,0.3521162965464133,35.2
2025-08-23,CityC,C2,17.4,36.1,64.7,1.0,17.4,0.29,0.5105000000000001,0.4957142857142858,0.0,0.0,0.0
2025-08-24,CityA,A1,2.7,15.4,72.2,1.5,2.7,0.045000000000000005,0.2435897435897436,0.6028571428571429,0.5,0.23975296228371273,24.0
2025-08-24,CityA,A2,5.1,1.0,52.8,1.5,5.1,0.08499999999999999,0.016666666666666666,0.3257142857142857,0.5,0.12324480490243821,12.3
2025-08-24,CityB,B1,13.0,46.6,51.3,1.0,13.0,0.21666666666666667,0.668,0.30428571428571427,0.0,0.0,0.0
2025-08-24,CityB,B2,20.5,40.8,80.4,1.0,20.5,0.3416666666666667,0.581,0.7200000000000001,0.0,0.0,0.0
2025-08-24,CityC,C1,13.2,31.4,63.1,1.0,13.2,0.22,0.4487179487179487,0.47285714285714286,0.0,0.0,0.0
2025-08-24,CityC,C2,15.8,23.1,73.5,1.0,15.8,0.26333333333333336,0.3423076923076923,0.6214285714285714,0.0,0.0,0.0
2025-08-25,CityA,A1,1.1,21.6,59.7,1.0,1.1,0.018333333333333333,0.3230769230769231,0.4242857142857143,0.0,0.0,0.0
2025-08-25,CityA,A2,6.8,7.5,59.2,1.5,6.8,0.11333333333333333,0.125,0.4171428571428572,0.5,0.23314742474752076,23.3
2025-08-25,CityB,B1,11.0,17.7,68.4,1.0,11.0,0.18333333333333332,0.2730769230769231,0.5485714285714286,0.0,0.0,0.0
2025-08-25,CityB,B2,10.0,22.1,67.4,1.5,10.0,0.16666666666666666,0.32948717948717954,0.5342857142857144,0.5,0.34802280993992163,34.8
2025-08-25,CityC,C1,13.6,35.8,55.5,1.0,13.6,0.22666666666666666,0.506,0.36428571428571427,0.0,0.0,0.0
2025-08-25,CityC,C2,4.0,1.0,54.5,1.5,4.0,0.06666666666666667,0.016666666666666666,0.35,0.5,0.11808612863316303,11.8
2025-08-26,CityA,A1,6.4,18.9,64.6,1.5,6.4,0.10666666666666667,0.28846153846153844,0.4942857142857142,0.5,0.29530185530542635,29.5
2025-08-26,CityA,A2,0.0,16.2,50.3,1.0,0.0,0.0,0.25384615384615383,0.29,0.0,0.0,0.0
2025-08-26,CityB,B1,11.1,46.5,41.2,1.0,11.1,0.185,0.6665,0.16000000000000003,0.0,0.0,0.0
2025-08-26,CityB,B2,14.0,31.6,58.3,1.5,14.0,0.23333333333333334,0.45128205128205134,0.40428571428571425,0.5,0.3819625741276428,38.2
2025-08-26,CityC,C1,6.8,23.1,60.9,1.0,6.8,0.11333333333333333,0.3423076923076923,0.4414285714285714,0.0,0.0,0.0
2025-08-26,CityC,C2,19.2,42.7,76.3,1.0,19.2,0.32,0.6095,0.6614285714285714,0.0,0.0,0.0
